ID,Path,Height,Width
ad-1-2,ad-1-2.jpg,3075,2181
ad-3-6,ad-3-6.jpg,3108,2181
ad-7-8,ad-7-8.jpg,3064,2181
ad-9-10,ad-9-10.jpg,3064,2181
ad-11-12,ad-11-12.jpg,3072,2181
ad-13-14,ad-13-14.jpg,3222,2181
ad-15-16,ad-15-16.jpg,3112,2181
ad-17-18,ad-17-18.jpg,3068,2181
ad-19-20,ad-19-20.jpg,3086,2181
ad-21-22,ad-21-22.jpg,3108,2181
ad-23-24,ad-23-24.jpg,3083,2181
ad-25-26,ad-25-26.jpg,3057,2181
ad-27-28,ad-27-28.jpg,3009,2181
ad-29-30,ad-29-30.jpg,3211,2181
ad-31-32,ad-31-32.jpg,3160,2181
ad-33-34,ad-33-34.jpg,3028,2181
ad-35-36,ad-35-36.jpg,3138,2181
ad-37-38,ad-37-38.jpg,3083,2181
ad-39-40,ad-39-40.jpg,3101,2181
ad-41-42,ad-41-42.jpg,3127,2181
ad-43-44,ad-43-44.jpg,3141,2181
ad-45-46,ad-45-46.jpg,3064,2181
sb-10-11-12-13,sb-10-11-12-13.jpg,3163,2181
sb-20-21-22-25,sb-20-21-22-25.jpg,3086,2181
sb-14-17-18-19,sb-14-17-18-19.jpg,3097,2181
sb-37b-41-4-5,sb-37b-41-4-5.jpg,3134,2181
sb-6-7a-8b-9,sb-6-7a-8b-9.jpg,3105,2181
sb-63a-47-23a-51b,sb-63a-47-23a-51b.jpg,3116,2181
sb-44-45-46a-27,sb-44-45-46a-27.jpg,3123,2181
